Workbook

Sheet Sheet1
A1: Region | B1: County | C1: Developer | D1: Site Reference | E1: Postcode | F1: Capacity (kWe) | G1: Biomethane capacity (Nm3/hr biomethane) | H1: Output | I1: Status | J1: Completion | K1: Type | L1: Feedstock | M1: Total feedstock (tpa) | N1: Manure/ Slurry (tpa) | O1: Crop (tpa) | P1: Food Waste (tpa) | Q1: Crop Waste (tpa) | R1: Other Waste (tpa) | S1: X Coordinates | T1: Y Coordinates | U1: Purchase Price (£/tonne) | V1: Water Content (%) | W1: Available Quantity (tonnes/year)
A2: EM | B2: Nottinghamshire | C2: Bio Dynamic / Air Liquide | D2: Colwick Industrial Estate | E2: NG4 2JT | F2: 4999 | G2: 800 | H2: BtG & CHP | I2: Operational | J2: 2016 | K2: Waste-fed | L2: Food waste | M2: 150000 | N2: 0 | O2: 0 | P2: 100000 | Q2: 0 | R2: 0 | S2: 52.95339 | T2: -1.0602799 | U2: =(N2*Sheet2!B$2+O2*Sheet2!C$2+P2*Sheet2!D$2+Q2*Sheet2!E$2+R2*Sheet2!F$2)/SUM(N2:R2) -> 5 | V2: 0.9 | W2: =M2*V2*0.1 -> 13500
A3: SC | B3: South Western Scotland | C3: Shanks | D3: Cumbernauld AD | E3: G67 3EN | F3: 3600 | G3: 495 | H3: BtG & CHP | I3: Operational | J3: 2011 | K3: Waste-fed | L3: Organic fraction of MSW & C&I waste | M3: 120000 | N3: 0 | O3: 0 | P3: 80000 | Q3: 0 | R3: 40000 | S3: 55.96975 | T3: -3.95683 | U3: =(N3*Sheet2!B$2+O3*Sheet2!C$2+P3*Sheet2!D$2+Q3*Sheet2!E$2+R3*Sheet2!F$2)/SUM(N3:R3) -> 16.666667 | V3: 0.9 | W3: =M3*0.9*0.1 -> 10800
A4: SC | B4: South Western Scotland | C4: Grissan Energy | D4: Girvan Distillery 1 | E4: KA26 9PL | F4: 7200 | G4: 2750 | H4: BtG & CHP | I4: Operational | J4: 2009 | K4: Waste-fed | L4: Brewery waste | M4: 300000 | N4: 0 | O4: 0 | P4: 0 | Q4: 0 | R4: 300000 | S4: 55.26319 | T4: -4.83268 | U4: =(N4*Sheet2!B$2+O4*Sheet2!C$2+P4*Sheet2!D$2+Q4*Sheet2!E$2+R4*Sheet2!F$2)/SUM(N4:R4) -> 40 | V4: 0.9 | W4: =M4*0.9*0.1 -> 27000
A5: EM | B5: Lincolnshire | C5: BioteCH4 | D5: Hemswell Cliff Industrial Estate | E5: DN21 5TU | F5: 6000 | G5: 950 | H5: BtG & CHP | I5: Operational | J5: 2015 | K5: Waste-fed | L5: Food waste | M5: 140000 | N5: 0 | O5: 0 | P5: 140000 | Q5: 0 | R5: 0 | S5: 53.40013 | T5: -0.57748 | U5: =(N5*Sheet2!B$2+O5*Sheet2!C$2+P5*Sheet2!D$2+Q5*Sheet2!E$2+R5*Sheet2!F$2)/SUM(N5:R5) -> 5 | V5: 0.9 | W5: =M5*0.9*0.1 -> 12600
A6: YH | B6: North Yorkshire | C6: AVG Imperial Limited | D6: Imperial Park | E6: TS6 6BA | F6: 5100 | G6: 0 | H6: CHP | I6: Operational | J6: 2017 | K6: Waste-fed | L6: Maize, wheat chaff, slurry, food waste, garden waste, animal by-product & glycerol | M6: 125000 | N6: 0 | O6: 40000 | P6: 40000 | Q6: 5000 | R6: 40000 | S6: 54.58166 | T6: -1.18319 | U6: =(N6*Sheet2!B$2+O6*Sheet2!C$2+P6*Sheet2!D$2+Q6*Sheet2!E$2+R6*Sheet2!F$2)/SUM(N6:R6) -> 55.2 | V6: 0.9 | W6: =M6*0.9*0.1 -> 11250
A7: EE | B7: Cambridgeshire | C7: BioteCH4 | D7: Local Generation | E7: PE15 0BA | F7: 5000 | G7: 950 | H7: BtG & CHP | I7: Operational | J7: 2011 | K7: Waste-fed | L7: Food waste | M7: 120000 | N7: 0 | O7: 0 | P7: 120000 | Q7: 0 | R7: 0 | S7: 52.56837 | T7: 0.06103 | U7: =(N7*Sheet2!B$2+O7*Sheet2!C$2+P7*Sheet2!D$2+Q7*Sheet2!E$2+R7*Sheet2!F$2)/SUM(N7:R7) -> 5 | V7: 0.9 | W7: =M7*0.9*0.1 -> 10800
A8: LDN | B8: Greater London | C8: Saria | D8: London Sustainable Industries Park (ReFood) | E8: RM9 6RA | F8: 1900 | G8: 1100 | H8: BtG & CHP | I8: Operational | J8: 2017 | K8: Waste-fed | L8: Food waste | M8: 190000 | N8: 0 | O8: 0 | P8: 190000 | Q8: 0 | R8: 0 | S8: 51.51762 | T8: 0.14393 | U8: =(N8*Sheet2!B$2+O8*Sheet2!C$2+P8*Sheet2!D$2+Q8*Sheet2!E$2+R8*Sheet2!F$2)/SUM(N8:R8) -> 5 | V8: 0.9 | W8: =M8*0.9*0.1 -> 17100
A9: NW | B9: Cheshire | C9: DONG Energy | D9: Lostock Works | E9: CW9 7ZR | F9: 6200 | G9: 0 | H9: CHP | I9: Operational | J9: 2016 | K9: Waste-fed | L9: Organic fraction of MSW & C&I waste | M9: 120000 | N9: 0 | O9: 0 | P9: 72000 | Q9: 0 | R9: 48000 | S9: 53.26504 | T9: -2.4775999 | U9: =(N9*Sheet2!B$2+O9*Sheet2!C$2+P9*Sheet2!D$2+Q9*Sheet2!E$2+R9*Sheet2!F$2)/SUM(N9:R9) -> 19 | V9: 0.9 | W9: =M9*0.9*0.1 -> 10800
A10: WM | B10: Staffordshire | C10: Biffa | D10: Poplars Landfill AD | E10: WS11 8NQ | F10: 6000 | G10: 0 | H10: CHP | I10: Operational | J10: 2011 | K10: Waste-fed | L10: Food waste | M10: 120000 | N10: 0 | O10: 0 | P10: 120000 | Q10: 0 | R10: 0 | S10: 52.68523 | T10: -2.01379 | U10: =(N10*Sheet2!B$2+O10*Sheet2!C$2+P10*Sheet2!D$2+Q10*Sheet2!E$2+R10*Sheet2!F$2)/SUM(N10:R10) -> 5 | V10: 0.9 | W10: =M10*0.9*0.1 -> 10800
A11: SC | B11: Highlands & Islands | C11: Grissan Energy | D11: Portgordon Maltings Beyside | E11: AB56 5BU | F11: 5000 | G11: 800 | H11: BtG & CHP | I11: Operational | J11: 2020 | K11: Waste-fed | L11: Draff and Pot Ale | M11: 837500 | N11: 0 | O11: 0 | P11: 0 | Q11: 0 | R11: 837500 | S11: 57.65926 | T11: -3.03079 | U11: =(N11*Sheet2!B$2+O11*Sheet2!C$2+P11*Sheet2!D$2+Q11*Sheet2!E$2+R11*Sheet2!F$2)/SUM(N11:R11) -> 40 | V11: 0.9 | W11: =M11*0.9*0.1 -> 75375
A12: YH | B12: South Yorkshire | C12: Saria & PDM | D12: ReFood Doncaster AD | E12: DN5 9SW | F12: 5000 | G12: 1100 | H12: BtG & CHP | I12: Operational | J12: 2011 | K12: Waste-fed | L12: Food waste | M12: 160000 | N12: 0 | O12: 0 | P12: 160000 | Q12: 0 | R12: 0 | S12: 53.546603 | T12: -1.2132909 | U12: =(N12*Sheet2!B$2+O12*Sheet2!C$2+P12*Sheet2!D$2+Q12*Sheet2!E$2+R12*Sheet2!F$2)/SUM(N12:R12) -> 5 | V12: 0.9 | W12: =M12*0.9*0.1 -> 14400
A13: NW | B13: Cheshire | C13: Saria | D13: ReFood Widnes | E13: WA8 0PB | F13: 500 | G13: 1100 | H13: BtG & CHP | I13: Operational | J13: 2014 | K13: Waste-fed | L13: Food waste | M13: 160000 | N13: 0 | O13: 0 | P13: 160000 | Q13: 0 | R13: 0 | S13: 53.35253 | T13: -2.74675 | U13: =(N13*Sheet2!B$2+O13*Sheet2!C$2+P13*Sheet2!D$2+Q13*Sheet2!E$2+R13*Sheet2!F$2)/SUM(N13:R13) -> 5 | V13: 0.9 | W13: =M13*0.9*0.1 -> 14400
A14: SC | B14: Aberdeenshire | C14: Brewdog PLC | D14: Site 8 Brewdog | E14: AB41 8BX | F14: 3000 | G14: 358 | H14: BtG & CHP | I14: Operational | J14: 2022 | K14: Waste-fed | L14: Waste from brewery | M14: 190000 | N14: 0 | O14: 0 | P14: 0 | Q14: 0 | R14: 190000 | S14: 57.370075 | T14: -2.0519264 | U14: =(N14*Sheet2!B$2+O14*Sheet2!C$2+P14*Sheet2!D$2+Q14*Sheet2!E$2+R14*Sheet2!F$2)/SUM(N14:R14) -> 40 | V14: 0.9 | W14: =M14*0.9*0.1 -> 17100
... A20: SW | B20: Devon | C20: H2Energy/ 2 Sisters Food Group | D20: Willand AD | E20: EX15 2PJ | F20: 1300 | G20: 1000 | H20: BtG & CHP | I20: Operational | J20: 2015 | K20: Waste-fed | L20: Poultry abbatoir waste, grass silage, sugar beet & maize | M20: 120000 | N20: 0 | O20: 45000 | P20: 0 | Q20: 0 | R20: 75000 | S20: 50.8915 | T20: -3.38002 | U20: =(N20*Sheet2!B$2+O20*Sheet2!C$2+P20*Sheet2!D$2+Q20*Sheet2!E$2+R20*Sheet2!F$2)/SUM(N20:R20) -> 70 | V20: 0.9 | W20: =M20*0.9*0.1 -> 10800

Sheet Sheet2
B1: Manure/ Slurry | C1: Crop | D1: Food Waste | E1: Crop Waste | F1: Other Waste
A2: £/Tonne | B2: 5 | C2: 120 | D2: 5 | E2: 60 | F2: 40
